filename,speaker_id,text,audio_path,delivery,scene_context
"village_opening_001.ogg","narrator","في أرض اليونان، تلتقي الجبال بالبحر، وتنتشر الجزر حول السواحل.","res://audio/dialogue/narrator/village_opening_001.ogg","warm cinematic historical narrator; evocative and measured","Village opening cinematic"
"village_opening_002.ogg","narrator","فصلت الطرق الجبلية بين المستوطنات، وجعلت التواصل بينها صعبًا.","res://audio/dialogue/narrator/village_opening_002.ogg","warm cinematic historical narrator; evocative and measured","Village opening cinematic"
"village_opening_003.ogg","narrator","لهذا نمت مدن مستقلة، لكل مدينة منها طريقها وشؤونها.","res://audio/dialogue/narrator/village_opening_003.ogg","warm cinematic historical narrator; evocative and measured","Village opening cinematic"
"village_opening_004.ogg","narrator","وهنا تبدأ رحلة رسول شاب يحمل رسالة صغيرة إلى تاريخ كبير.","res://audio/dialogue/narrator/village_opening_004.ogg","warm cinematic historical narrator; evocative and measured","Village opening cinematic"
"teacher_message_001.ogg","teacher","وصلت في الوقت المناسب. خذ هذه الرسالة إلى أمين المعبد.","res://audio/dialogue/teacher/teacher_message_001.ogg","calm, warm older teacher; patient and measured","First village conversation with the teacher"
"teacher_message_002.ogg","player","إلى المعبد فوق التل؟","res://audio/dialogue/player/teacher_message_002.ogg","young messenger; attentive, respectful, curious; clear Modern Standard Arabic","First village conversation with the teacher"
"teacher_message_003.ogg","teacher","نعم. يبدو قريبًا، لكن بلوغ المستوطنات الأخرى قد يتطلب عبور الجبال أو السفر بحرًا.","res://audio/dialogue/teacher/teacher_message_003.ogg","calm, warm older teacher; patient and measured","First village conversation with the teacher"
"teacher_message_004.ogg","teacher","صعوبة التواصل جعلت كل مدينة تدير شؤونها، فنشأت مدن مستقلة.","res://audio/dialogue/teacher/teacher_message_004.ogg","calm, warm older teacher; patient and measured","First village conversation with the teacher"
"teacher_message_005.ogg","teacher","اتبع الطريق الصاعد، وسلّم الرسالة بنفسك.","res://audio/dialogue/teacher/teacher_message_005.ogg","calm, warm older teacher; patient and measured","First village conversation with the teacher"
"temple_record_001.ogg","temple_recipient","رسالة المعلّم؟ وصلت في موعدها.","res://audio/dialogue/temple_recipient/temple_record_001.ogg","formal, welcoming temple custodian; composed and knowledgeable","Temple recipient conversation and city-record introduction"
"temple_record_002.ogg","player","قال إنك ستطلعني على سجل المدن.","res://audio/dialogue/player/temple_record_002.ogg","young messenger; attentive, respectful, curious; clear Modern Standard Arabic","Temple recipient conversation and city-record introduction"
"temple_record_003.ogg","temple_recipient","سنبدأ من أثينا وإسبرطة؛ مدينتان من العالم اليوناني، لكن لكل منهما طريق مختلف.","res://audio/dialogue/temple_recipient/temple_record_003.ogg","formal, welcoming temple custodian; composed and knowledgeable","Temple recipient conversation and city-record introduction"
"temple_record_004.ogg","temple_recipient","انظر إلى اللوح الحجري. ستأخذك الحكاية إلى ساحتيهما.","res://audio/dialogue/temple_recipient/temple_record_004.ogg","formal, welcoming temple custodian; composed and knowledgeable","Temple recipient conversation and city-record introduction"
"athens_arrival_001.ogg","narrator","في أثينا، أصبحت الساحة مكانًا للنقاش والمشاركة في شؤون المدينة.","res://audio/dialogue/narrator/athens_arrival_001.ogg","clear cinematic historical narrator; informative, measured, dignified","Athens arrival cinematic"
"athens_debate_001.ogg","athens","يريد التجار توسيع الرصيف.","res://audio/dialogue/athens/athens_debate_001.ogg","engaged Athenian citizen; thoughtful, civic, conversational","Scripted Athens NPC-to-NPC civic debate"
"athens_debate_002.ogg","athens","فلنسمع أصحاب القوارب قبل أن نقرر.","res://audio/dialogue/athens/athens_debate_002.ogg","engaged Athenian citizen; thoughtful, civic, conversational","Scripted Athens NPC-to-NPC civic debate"
"athens_debate_003.ogg","athens","سيُعرض الأمر على المواطنين في الساحة.","res://audio/dialogue/athens/athens_debate_003.ogg","engaged Athenian citizen; thoughtful, civic, conversational","Scripted Athens NPC-to-NPC civic debate"
"athens_citizen_001.ogg","athens","في أثينا، نناقش شؤون المدينة علنًا.","res://audio/dialogue/athens/athens_citizen_001.ogg","engaged Athenian citizen; thoughtful, civic, conversational","Important Athenian citizen conversation"
"athens_citizen_002.ogg","player","إذن القرار لا يصدر من شخص واحد.","res://audio/dialogue/player/athens_citizen_002.ogg","young messenger; attentive, respectful, curious; clear Modern Standard Arabic","Important Athenian citizen conversation"
"athens_citizen_003.ogg","athens","شارك المواطنون في الحكم، وطبّقت أثينا نظامًا ديمقراطيًا.","res://audio/dialogue/athens/athens_citizen_003.ogg","engaged Athenian citizen; thoughtful, civic, conversational","Important Athenian citizen conversation"
"athens_citizen_004.ogg","athens","لذلك ارتبط اسمها بالحكمة، وعُرفت في درسنا بأنها أول من طبّق الديمقراطية.","res://audio/dialogue/athens/athens_citizen_004.ogg","engaged Athenian citizen; thoughtful, civic, conversational","Important Athenian citizen conversation"
"sparta_training_001.ogg","sparta","الصف الأول، تقدّم! حافظوا على الإيقاع.","res://audio/dialogue/sparta/sparta_training_001.ogg","disciplined Spartan voice; firm, concise, controlled","Scripted Sparta NPC-to-NPC training exchange"
"sparta_training_002.ogg","sparta","القوة في الانضباط.","res://audio/dialogue/sparta/sparta_training_002.ogg","disciplined Spartan voice; firm, concise, controlled","Scripted Sparta NPC-to-NPC training exchange"
"sparta_trainer_001.ogg","player","تتحرك الصفوف كأنها جسد واحد.","res://audio/dialogue/player/sparta_trainer_001.ogg","young messenger; attentive, respectful, curious; clear Modern Standard Arabic","Important Spartan trainer conversation"
"sparta_trainer_002.ogg","sparta","في إسبرطة تركزت التربية على القوة والتدريب العسكري منذ الصغر.","res://audio/dialogue/sparta/sparta_trainer_002.ogg","disciplined Spartan voice; firm, concise, controlled","Important Spartan trainer conversation"
"sparta_trainer_003.ogg","sparta","سعينا إلى التوسع والسيادة، ولذلك اصطدم طريقنا بأثينا.","res://audio/dialogue/sparta/sparta_trainer_003.ogg","disciplined Spartan voice; firm, concise, controlled","Important Spartan trainer conversation"
"sparta_trainer_004.ogg","player","تحول التنافس إلى قتال؟","res://audio/dialogue/player/sparta_trainer_004.ogg","young messenger; attentive, respectful, curious; clear Modern Standard Arabic","Important Spartan trainer conversation"
"sparta_trainer_005.ogg","sparta","نعم، قاتلت المدينتان خلال القرن الخامس قبل الميلاد.","res://audio/dialogue/sparta/sparta_trainer_005.ogg","disciplined Spartan voice; firm, concise, controlled","Important Spartan trainer conversation"
"city_state_conflict_001.ogg","narrator","قاتلت أثينا وإسبرطة خلال القرن الخامس قبل الميلاد.","res://audio/dialogue/narrator/city_state_conflict_001.ogg","serious cinematic historical narrator; restrained and grave","Athens–Sparta historical conflict cinematic"
"city_state_conflict_002.ogg","narrator","انتصرت إسبرطة على أثينا، لكن سيادتها لم تدم طويلًا.","res://audio/dialogue/narrator/city_state_conflict_002.ogg","serious cinematic historical narrator; restrained and grave","Athens–Sparta historical conflict cinematic"
"city_state_conflict_003.ogg","narrator","وسرعان ما تغيّر ميزان القوة من جديد.","res://audio/dialogue/narrator/city_state_conflict_003.ogg","serious cinematic historical narrator; restrained and grave","Athens–Sparta historical conflict cinematic"
"macedon_arrival_001.ogg","narrator","بعد أن تبدّل ميزان القوى بين المدن، برزت مقدونيا قوة عسكرية كبرى.","res://audio/dialogue/narrator/macedon_arrival_001.ogg","clear cinematic historical narrator; informative, measured, dignified","Macedonia arrival cinematic"
"macedon_officer_001.ogg","macedonian_officer","بعد تغير ميزان القوة، برزت مقدونيا قوة عسكرية كبرى.","res://audio/dialogue/macedonian_officer/macedon_officer_001.ogg","formal Macedonian military officer; authoritative and direct","Macedonian officer briefing"
"macedon_officer_002.ogg","macedonian_officer","أخضع الإسكندر المدن اليونانية لسلطته.","res://audio/dialogue/macedonian_officer/macedon_officer_002.ogg","formal Macedonian military officer; authoritative and direct","Macedonian officer briefing"
"macedon_officer_003.ogg","macedonian_officer","ثم اتجه إلى تحدي الإمبراطورية الفارسية. ينتظرك عند خريطة الحملة.","res://audio/dialogue/macedonian_officer/macedon_officer_003.ogg","formal Macedonian military officer; authoritative and direct","Macedonian officer briefing"
"alexander_briefing_001.ogg","alexander","تتسع الأرض أمامنا، لكن كل حملة تبدأ بطريق واضح.","res://audio/dialogue/alexander/alexander_briefing_001.ogg","confident young commander; authoritative, visionary, controlled","Conversation with Alexander at the campaign map"
"alexander_briefing_002.ogg","player","إلى أين يقود هذا الطريق؟","res://audio/dialogue/player/alexander_briefing_002.ogg","young messenger; attentive, respectful, curious; clear Modern Standard Arabic","Conversation with Alexander at the campaign map"
"alexander_briefing_003.ogg","alexander","من اليونان نعبر إلى آسيا الصغرى، ثم نواجه قوة فارس.","res://audio/dialogue/alexander/alexander_briefing_003.ogg","confident young commander; authoritative, visionary, controlled","Conversation with Alexander at the campaign map"
"alexander_briefing_004.ogg","alexander","تابع العلامات على الخريطة، وسترى إلى أي مدى امتدت الحملة.","res://audio/dialogue/alexander/alexander_briefing_004.ogg","confident young commander; authoritative, visionary, controlled","Conversation with Alexander at the campaign map"
"campaign_narration_001.ogg","narrator","انطلقت حملة الإسكندر من اليونان وعبرت إلى آسيا الصغرى.","res://audio/dialogue/narrator/campaign_narration_001.ogg","serious cinematic historical narrator; restrained and grave","Alexander campaign map sequence and death at Babylon"
"campaign_narration_002.ogg","narrator","واجه الإسكندر القوات الفارسية وهزمها، فامتد نفوذه عبر أقاليم الإمبراطورية.","res://audio/dialogue/narrator/campaign_narration_002.ogg","serious cinematic historical narrator; restrained and grave","Alexander campaign map sequence and death at Babylon"
"campaign_narration_003.ogg","narrator","ووصل التوسع إلى مصر، بعيدًا عن نقطة انطلاق الحملة.","res://audio/dialogue/narrator/campaign_narration_003.ogg","serious cinematic historical narrator; restrained and grave","Alexander campaign map sequence and death at Babylon"
"campaign_narration_004.ogg","narrator","ثم واصل الإسكندر شرقًا عبر أراضٍ واسعة نحو الهند.","res://audio/dialogue/narrator/campaign_narration_004.ogg","serious cinematic historical narrator; restrained and grave","Alexander campaign map sequence and death at Babylon"
"campaign_narration_005.ogg","narrator","أصبحت إمبراطوريته شاسعة، ووصلت بين مناطق كثيرة ومتباعدة.","res://audio/dialogue/narrator/campaign_narration_005.ogg","serious cinematic historical narrator; restrained and grave","Alexander campaign map sequence and death at Babylon"
"campaign_narration_006.ogg","macedonian_messenger","وصل الخبر من بابل... مات الإسكندر.","res://audio/dialogue/narrator/campaign_narration_006.ogg","urgent but subdued; shocked and grief-stricken Macedonian messenger","Alexander campaign map sequence and death at Babylon"
"campaign_narration_007.ogg","narrator","رحل القائد، وبقيت إمبراطورية واسعة من دون سلطة واحدة تجمعها.","res://audio/dialogue/narrator/campaign_narration_007.ogg","serious cinematic historical narrator; restrained and grave","Alexander campaign map sequence and death at Babylon"
"division_narration_001.ogg","narrator","بعد موت الإسكندر، انقسمت الإمبراطورية بين كبار قادته.","res://audio/dialogue/narrator/division_narration_001.ogg","clear cinematic historical narrator; informative, measured, dignified","Division of Alexander's empire"
"division_narration_002.ogg","narrator","أنتيغونوس: آسيا الصغرى.","res://audio/dialogue/narrator/division_narration_002.ogg","clear cinematic historical narrator; informative, measured, dignified","Division of Alexander's empire"
"division_narration_003.ogg","narrator","بطليموس: مصر وجزء من بلاد الشام، واتخذ الإسكندرية عاصمة.","res://audio/dialogue/narrator/division_narration_003.ogg","clear cinematic historical narrator; informative, measured, dignified","Division of Alexander's empire"
"division_narration_004.ogg","narrator","سلوقس: بقية بلاد الشام والعراق وفارس، واتخذ أنطاكية عاصمة.","res://audio/dialogue/narrator/division_narration_004.ogg","clear cinematic historical narrator; informative, measured, dignified","Division of Alexander's empire"
"division_narration_005.ogg","narrator","أشعل الانقسام صراعات جديدة، وأضعف القوى التي ورثت الإمبراطورية.","res://audio/dialogue/narrator/division_narration_005.ogg","clear cinematic historical narrator; informative, measured, dignified","Division of Alexander's empire"
"hellenistic_narration_001.ogg","narrator","لكن آثار تلك المرحلة لم تنته بانقسام الحكم.","res://audio/dialogue/narrator/hellenistic_narration_001.ogg","clear cinematic historical narrator; informative, measured, dignified","Hellenistic legacy and final ending narration"
"hellenistic_narration_002.ogg","narrator","في مصر وبلاد الشام ومناطق أخرى، امتزجت الثقافة اليونانية بثقافات الشرق.","res://audio/dialogue/narrator/hellenistic_narration_002.ogg","clear cinematic historical narrator; informative, measured, dignified","Hellenistic legacy and final ending narration"
"hellenistic_narration_003.ogg","narrator","ومن هذا الامتزاج نشأت الحضارة الهلنستية.","res://audio/dialogue/narrator/hellenistic_narration_003.ogg","clear cinematic historical narrator; informative, measured, dignified","Hellenistic legacy and final ending narration"
"hellenistic_narration_004.ogg","narrator","كانت ثمرة لقاء بين حضارات، لا مجرد حدود على خريطة.","res://audio/dialogue/narrator/hellenistic_narration_004.ogg","clear cinematic historical narrator; informative, measured, dignified","Hellenistic legacy and final ending narration"
"ambient_village_harbor_001.ogg","ambient_village_harbor","وصل الزيت من الجزيرة مع سفينة الصباح.","res://audio/ambient/ambient_village_harbor_001.ogg","natural brief ambient speech; conversational, historically grounded, not theatrical","Village ambient NPC speech — HarborWalker — Solo ambient speech"
"ambient_village_harbor_002.ogg","ambient_village_harbor","المرفأ نشيط اليوم.","res://audio/ambient/ambient_village_harbor_002.ogg","natural brief ambient speech; conversational, historically grounded, not theatrical","Village ambient NPC speech — HarborWalker — Solo ambient speech"
"ambient_village_market_001.ogg","ambient_village_market","زيتٌ وفخار من الجزر!","res://audio/ambient/ambient_village_market_001.ogg","natural brief ambient speech; conversational, historically grounded, not theatrical","Village ambient NPC speech — MarketVendor — Solo ambient speech"
"ambient_village_market_002.ogg","ambient_village_market","أما القافلة البرية فتأخرت عند الممر الجبلي.","res://audio/ambient/ambient_village_market_002.ogg","natural brief ambient speech; conversational, historically grounded, not theatrical","Village ambient NPC speech — MarketVendor — Solo ambient speech"
"ambient_village_square_001.ogg","ambient_village_square","البحر يقرّب جزيرة، والجبل يبعد مدينة.","res://audio/ambient/ambient_village_square_001.ogg","natural brief ambient speech; conversational, historically grounded, not theatrical","Village ambient NPC speech — SquareVillager — Solo ambient speech"
"ambient_village_square_002.ogg","ambient_village_square","سأعود قبل غروب الشمس.","res://audio/ambient/ambient_village_square_002.ogg","natural brief ambient speech; conversational, historically grounded, not theatrical","Village ambient NPC speech — SquareVillager — Solo ambient speech"
"ambient_village_upper_path_001.ogg","ambient_village_upper_path","الطريق إلى المعبد صاعد، لكنه واضح.","res://audio/ambient/ambient_village_upper_path_001.ogg","natural brief ambient speech; conversational, historically grounded, not theatrical","Village ambient NPC speech — UpperPathWalker — Solo ambient speech"
"ambient_athens_debater_west_001.ogg","ambient_athens_debater_west","فلنسمع أصحاب القوارب قبل أن نقرر.","res://audio/ambient/ambient_athens_debater_west_001.ogg","natural brief ambient speech; conversational, historically grounded, not theatrical","Athens/Sparta ambient speech and reusable NPC-to-NPC chatter — DebaterWest — NPC-to-NPC ambient exchange"
"ambient_athens_debater_east_001.ogg","ambient_athens_debater_east","سيُعرض الأمر في الساحة.","res://audio/ambient/ambient_athens_debater_east_001.ogg","natural brief ambient speech; conversational, historically grounded, not theatrical","Athens/Sparta ambient speech and reusable NPC-to-NPC chatter — DebaterEast — Solo ambient speech"
"ambient_athens_civic_001.ogg","ambient_athens_civic","اجتماع المواطنين سيبدأ قريبًا.","res://audio/ambient/ambient_athens_civic_001.ogg","natural brief ambient speech; conversational, historically grounded, not theatrical","Athens/Sparta ambient speech and reusable NPC-to-NPC chatter — CivicWalker — Solo ambient speech"
"ambient_sparta_trainee_west_001.ogg","ambient_sparta_trainee_west","القوة في الانضباط.","res://audio/ambient/ambient_sparta_trainee_west_001.ogg","natural brief ambient speech; conversational, historically grounded, not theatrical","Athens/Sparta ambient speech and reusable NPC-to-NPC chatter — TraineeWest — NPC-to-NPC ambient exchange"
"ambient_sparta_trainee_center_001.ogg","ambient_sparta_trainee_center","حافظوا على الإيقاع!","res://audio/ambient/ambient_sparta_trainee_center_001.ogg","natural brief ambient speech; conversational, historically grounded, not theatrical","Athens/Sparta ambient speech and reusable NPC-to-NPC chatter — TraineeCenterWest — Solo ambient speech"
"ambient_sparta_trainer_call_001.ogg","ambient_sparta_trainer_call","الصف الأول، تقدّم!","res://audio/ambient/ambient_sparta_trainer_call_001.ogg","natural brief ambient speech; conversational, historically grounded, not theatrical","Athens/Sparta ambient speech and reusable NPC-to-NPC chatter — TraineeEast — Solo ambient speech"
"ambient_macedon_patrol_west_001.ogg","ambient_macedon_patrol_west","استعدوا لعبور البحر.","res://audio/ambient/ambient_macedon_patrol_west_001.ogg","natural brief ambient speech; conversational, historically grounded, not theatrical","Macedonian camp ambient NPC speech — WestPatrol — Solo ambient speech"
"ambient_macedon_patrol_east_001.ogg","ambient_macedon_patrol_east","الأوامر عند خريطة الحملة.","res://audio/ambient/ambient_macedon_patrol_east_001.ogg","natural brief ambient speech; conversational, historically grounded, not theatrical","Macedonian camp ambient NPC speech — EastPatrol — Solo ambient speech"
"ambient_macedon_supply_001.ogg","ambient_macedon_supply","المؤن جاهزة للحملة.","res://audio/ambient/ambient_macedon_supply_001.ogg","natural brief ambient speech; conversational, historically grounded, not theatrical","Macedonian camp ambient NPC speech — SupplyRunner — Solo ambient speech"
